Model,Best Dev Accuracy,Test Accuracy,Misclassified Test Images
Custom CNN,0.9558011049723757,0.9448529411764706,30
MobileNet,0.9779005524861878,0.9650735294117647,19
